100	6	TTVKFKYKGEEKQVDTSKIKKVWRVGKM
101	6	TTVKFK[Methyl]YKGEEKQVDTSKIKKVWRVGKM
114	6	VTVKFKYKGEDKEVDTSKIKKVWRVGKM[Oxidation]
135	5	VTVKFKYKGEDKEVDTSKIKKVWRVG
138	6	VTVKFKYKGEDKEVDTSKIKKVWRVGKM[Oxidation]
142	6	YDEGGGKTGRGAVSEKDAPK[Methyl]ELLQM[Oxidation]LEKQKK
147	6	VTVKFKYKGEDKEVDTSKIKKVWRVGKM
151	6	VTVKFKYKGEDKEVDTSKIKKVWRVGKM
152	5	EGGGKTGRGAVSEKDAPKELLQMLEKQKK
175	7	KIEIKEIRVGSQVVTSQDGRQSRVSTIEIAIRKK
176	6	KIEIKEIRVGSQVVTSQDGRQSRVSTIEIAIRKK
184	6	YRTNFPVSGEHSGHKIYGTVEPPAKLGIHGT
193	5	ISFTYDEGGGKTGRGAVSEKDAPKELLQ
194	6	YDEGGGKTGRGAVSEKDAPKELLQMLEKQKK
195	6	YDEGGGKTGRGAVSEKDAPKELLQMLEKQKK
203	6	YDEGGGKTGRGAVSEKDAPKELLQMLEKQK[Methyl]K
205	6	YDEGGGKTGRGAVSEKDAPKELLQMLEKQKK[Methyl]
209	5	EIVKVSRNYQVTIPAKVRQKFQIKEG
212	6	YDEGGGKTGRGAVSEKDAPK[Methyl]ELLQMLEKQK[Methyl]K
216	6	TYDEGGGKTGRGAVSEKDAPKELLQMLEKQK[Methyl]K
240	3	SIKYKIKYPDEFIE
244	6	PVEEVVKVSRNYQVTIPAKVRQKFPVKEG
249	6	PVEEVVKVSRNYQVTIPAKVRQKFPVKEG
256	6	PVEEVVKVSRNYQVTIPAKVRQKFPVKEGD
281	5	VTIPAKVRQKFQIKEGDLVKVTYD
284	6	WRVGKMISFTYDEGGGKTGRGAVSEKDAPKEL
291	7	GIDPNYRTNFPVSGEHSGHKIYGTVEPPAKLGIHGT
295	6	GIDPNYRTNFPVSGEHSGHKIYGTVEPPAKLGIHGT
302	6	FTYDEGGGKTGRGAVSEKDAPKELLQMLEKQKK[Methyl]
306	6	IVKVSRNYQVTIPAKVRQKFQIKEGDLVKVT
310	6	IVKVSRNYQVTIPAKVRQKFQIKEGDLVKVT
311	6	GRKGVKIGLFKDPETGKYFRHKLPDDYPI
322	6	AVEEIVKVSRNYQVTIPAKVRQKFQIKEG
323	5	AVEEIVKVSRNYQVTIPAKVRQKFQIKEG
324	6	AVEEIVKVSRNYQVTIPAKVRQKFQIKEG
326	5	AVEEIVKVSRNYQVTIPAKVRQKFQIKEG
338	6	AVEEIVKVSRNYQVTIPAKVRQKFQIKEGD
342	6	AVEEIVKVSRNYQVTIPAKVRQKFQIKEGD
346	6	PQDKGLAIGKNGRNVARAKLILKRYM[Oxidation]DIDNVVIV
350	6	VTVKFKYKGEDKEVDTSKIKKVWRVGKMISFT
352	6	VTVK[Methyl]FKYKGEDKEVDTSKIKKVWRVGKMISFT
359	6	PQDKGLAIGKNGRNVARAKLILKRYM[Oxidation]DIDNVVIV
363	6	EIVKVSRNYQVTIPAKVRQKFQIKEGDLVKVT
394	6	PNYRTNFPVSGEHSGHKIYGTVEPPAKLGIHGTIVGVD
411	11	TTVKFKYKGEEKQVDTSKIKKVWRVGKMISFTYDEGGGKTGRGAVSEKDAPKELLQM[Oxidation]LEK[Methyl]QKK
423	6	ISFTYDEGGGKTGRGAVSEKDAPKELLQMLEKQK[Methyl]K
428	9	TTVKFKYKGEEKQVDTSKIKKVWRVGKM[Oxidation]ISFTYDEGGGKTGRGAVSEKDAPKELLQMLEKQKK
431	8	TTVKFKYKGEEKQVDTSKIKKVWRVGKMISFTYDEGGGKTGRGAVSEKDAPKELLQM[Oxidation]LEKQKK
455	12	TTVKFKYKGEEKQVDTSKIKKVWRVGKMISFTYDEGGGKTGRGAVSEKDAPKELLQMLEKQKK[Methyl]
456	11	VTVKFKYKGEDKEVDTSKIKKVWRVGKM[Oxidation]ISFTYDEGGGKTGRGAVSEKDAPKELLQMLEKQKK[Methyl]
460	10	VTVKFKYKGEDKEVDTSKIKKVWRVGKM[Oxidation]ISFTYDEGGGKTGRGAVSEKDAPKELLQMLEKQKK
466	8	TTVKFKYKGEEKQVDTSKIKKVWRVGKMISFTYDEGGGKTGRGAVSEKDAPKELLQMLEKQKK
467	10	VTVKFKYKGEDKEVDTSKIKKVWRVGKM[Oxidation]ISFTYDEGGGKTGRGAVSEKDAPKELLQMLEKQK[Methyl]K
474	6	AVEEIVKVSRNYQVTIPAKVRQKFQIKEGDLVKVT
475	7	AVEEIVKVSRNYQVTIPAKVRQKFQIKEGDLVKVT
495	11	[Acetyl]-VTVKFKYKGEDKEVDTSKIKKVWRVGKMISFTYDEGGGKTGRGAVSEKDAPKELLQM[Oxidation]LEKQKK
496	9	[Acetyl]-VTVKFKYKGEDKEVDTSKIKKVWRVGKMISFTYDEGGGKTGRGAVSEKDAPKELLQM[Oxidation]LEKQKK
499	9	VTVKFKYKGEDKEVDTSKIKKVWRVGKM[Oxidation]ISFTYDEGGGKTGRGAVSEKDAPKELLQMLEKQK[Methyl]K
500	8	VTVKFKYKGEDKEVDTSKIKKVWRVGKM[Oxidation]ISFTYDEGGGKTGRGAVSEKDAPKELLQMLEKQK[Methyl]K
510	8	VTVKFKYKGEDKEVDTSKIKKVWRVGKMISFTYDEGGGKTGRGAVSEKDAPKELLQMLEKQKK
512	10	VTVKFKYKGEDKEVDTSKIKKVWRVGKMISFTYDEGGGKTGRGAVSEKDAPKELLQMLEKQKK[Methyl]
514	9	VTVKFKYKGEDKEVDTSKIKKVWRVGKMISFTYDEGGGKTGRGAVSEKDAPKELLQMLEKQK[Methyl]K
515	8	LVQTDDGKIIPILTKMPFDASLKPDKK[Methyl]AGKEEAIKKIK[Methyl]NLE
547	8	[Acetyl]-SSGKKAVKVK[Methyl]TPAGKEAELVPEKVWALAPKGRKGVKIGLFKDPETGKYFRHKLPDDYPI
564	6	AVEEIVKVSRNYQVTIPAKVRQKFQIKEGDLVKVTYDE
583	8	WRVGKMISFTYDEGGGKTGRGAVSEKDAPKELLQMLEKQK[Methyl]K
587	6	GIDPNYRTNFPVSGEHSGHKIYGTVEPPAKLGIHGT
591	7	PVEEVVKVSRNYQVTIPAKVRQKFPVKEGDLVKVIYDE
594	6	PVEEVVKVSRNYQVTIPAKVRQKFPVKEGDLVKVIYDE
596	5	GIDPNYRTNFPVSGEHSGHKIYGTVEPPAKLGIHGT
608	6	NYQVTIPAKVRQKFQIKEGDLVKVTYDESEGVVKIQ
611	4	TLDELSKELNLEKEVKTEDYAF
616	6	GIDPNYRTNFPVSGEHSGHKIYGTVEPPAKLGIHGTIVGVDFD
620	4	M[Oxidation]QVDAIPLSIKYKIKYPDEF
635	6	GIDPNYRTNFPVSGEHSGHKIYGTVEPPAKLGIHGT
639	6	TEAATAILKIDDLIAAAPLKSEKKGGEGSKEESGGEGGAGTPSLGD
640	6	GIDPNYRTNFPVSGEHSGHKIYGTVEPPAKLGIHGTIVGVDFD
651	6	GIDPNYRTNFPVSGEHSGHKIYGTVEPPAKLGIHGT
665	6	GIDPNYRTNFPVSGEHSGHKIYGTVEPPAKLGIHGTIVGVDF
669	7	AVEEIVKVSRNYQVTIPAKVRQKFQIKEGDLVKVTYDESEGVVKIQ
670	6	AVEEIVKVSRNYQVTIPAKVRQKFQIKEGDLVKVTYDESEGVVKIQ
671	6	AVEEIVKVSRNYQVTIPAKVRQKFQIKEGDLVKVTYDESEGVVKIQ
673	6	AVEEIVKVSRNYQVTIPAKVRQKFQIKEGDLVKVTYDESEGVVKIQ
674	7	AVEEIVKVSRNYQVTIPAKVRQKFQIKEGDLVKVTYDESEGVVKIQ
678	9	AVEEIVKVSRNYQVTIPAKVRQKFQIKEGDLVKVTYDESEGVVKIQ
681	8	AVEEIVKVSRNYQVTIPAKVRQKFQIKEGDLVKVTYDESEGVVKIQ
685	9	PVEEVVKVSRNYQVTIPAKVRQKFPVKEGDLVKVIYDENEGVVKIQILK[Methyl]S
686	8	PVEEVVKVSRNYQVTIPAKVRQKFPVKEGDLVKVIYDENEGVVKIQILK[Methyl]S
687	8	PVEEVVKVSRNYQVTIPAKVRQKFPVKEGDLVKVIYDENEGVVKIQILK[Methyl]S
699	6	GIDPNYRTNFPVSGEHSGHKIYGTVEPPAKLGIHGT
703	7	GIDPNYRTNFPVSGEHSGHKIYGTVEPPAKLGIHGT
709	5	IKEGDLVKVTYDESEGVVKIQLLKEPWK[Methyl]
714	6	GIDPNYRTNFPVSGEHSGHKIYGTVEPPAKLGIHGT
734	6	GIDPNYRTNFPVSGEHSGHKIYGTVEPPAKLGIHGTIVGVDFDL
747	7	ETYETFEIEKPTEDELASKIRPNAELEYWEIMGRRKIVRVK
753	6	VLKSATEAATAILKIDDLIAAAPLKSEKKGGEGSKEESGGEGGAGTPSLGD
757	7	PVEEVVKVSRNYQVTIPAKVRQKFPVKEGDLVKVIYDENEGVVKIQILKS
758	9	PVEEVVKVSRNYQVTIPAKVRQKFPVKEGDLVKVIYDENEGVVKIQILKS
759	8	PVEEVVKVSRNYQVTIPAKVRQKFPVKEGDLVKVIYDENEGVVKIQILKS
761	8	PVEEVVKVSRNYQVTIPAKVRQKFPVKEGDLVKVIYDENEGVVKIQILK[Methyl]S
762	7	PVEEVVKVSRNYQVTIPAKVRQKFPVKEGDLVKVIYDENEGVVKIQILK[Methyl]S
763	9	PVEEVVKVSRNYQVTIPAKVRQKFPVKEGDLVKVIYDENEGVVKIQILK[Methyl]S
765	10	PVEEVVKVSRNYQVTIPAKVRQKFPVKEGDLVKVIYDENEGVVKIQILK[Methyl]S
766	7	PVEEVVKVSRNYQVTIPAKVRQKFPVKEGDLVKVIYDENEGVVKIQILK[Methyl]S
767	7	PVEEVVKVSRNYQVTIPAKVRQKFPVKEGDLVKVIYDENEGVVKIQILK[Methyl]S
770	7	PVEEVVKVSRNYQVTIPAKVRQKFPVKEGDLVKVIYDENEGVVK[Methyl]IQILK[Methyl]S
771	8	PVEEVVKVSRNYQVTIPAKVRQKFPVKEGDLVKVIYDENEGVVK[Methyl]IQILKS
773	9	PVEEVVKVSRNYQVTIPAKVRQKFPVKEGDLVKVIYDENEGVVKIQILK[Methyl]S
778	6	MQVDAIPLSIKYKIKYPDEFIEAVK[Methyl]RGE
782	7	AVEEIVKVSRNYQVTIPAKVRQKFQIKEGDLVKVTYDESEGVVKIQLLKEPWK[Methyl]
785	7	GIDPNYRTNFPVSGEHSGHKIYGTVEPPAKLGIHGTIVGVDFDL
793	6	GIDPNYRTNFPVSGEHSGHKIYGTVEPPAKLGIHGTIVGVDFDL
794	6	GIDPNYRTNFPVSGEHSGHKIYGTVEPPAK[Methyl]LGIHGTIVGVDFDL
798	8	AVEEIVKVSRNYQVTIPAKVRQKFQIKEGDLVKVTYDESEGVVKIQLLKEPWK[Methyl]
799	6	GIDPNYRTNFPVSGEHSGHKIYGTVEPPAKLGIHGTIVGVDFDL
831	8	AVEEIVKVSRNYQVTIPAKVRQKFQIKEGDLVKVTYDESEGVVKIQLLKEPWK
833	10	AVEEIVKVSRNYQVTIPAKVRQKFQIKEGDLVKVTYDESEGVVKIQLLKEPWK
834	11	AVEEIVKVSRNYQVTIPAKVRQKFQIKEGDLVKVTYDESEGVVKIQLLKEPWK
835	11	AVEEIVKVSRNYQVTIPAKVRQKFQIKEGDLVKVTYDESEGVVKIQLLKEPWK
837	9	AVEEIVKVSRNYQVTIPAKVRQKFQIKEGDLVKVTYDESEGVVKIQLLK[Methyl]EPWK
838	10	AVEEIVKVSRNYQVTIPAKVRQKFQIKEGDLVKVTYDESEGVVKIQLLKEPWK
841	11	AVEEIVKVSRNYQVTIPAKVRQKFQIKEGDLVKVTYDESEGVVKIQLLK[Methyl]EPWK
843	11	AVEEIVKVSRNYQVTIPAKVRQKFQIKEGDLVKVTYDESEGVVKIQLLK[Methyl]EPWK
845	7	AVEEIVKVSRNYQVTIPAKVRQKFQIKEGDLVKVTYDESEGVVKIQLLK[Methyl]EPWK
846	9	AVEEIVKVSRNYQVTIPAKVRQKFQIKEGDLVKVTYDESEGVVKIQLLK[Methyl]EPWK
847	6	TRRVAVIGVGNSKFGRRDDVSVQELAWESIKEALNDSGVSQTD
849	9	AVEEIVKVSRNYQVTIPAKVRQKFQIKEGDLVKVTYDESEGVVKIQLLKEPWK[Methyl]
850	7	AVEEIVKVSRNYQVTIPAKVRQKFQIKEGDLVKVTYDESEGVVKIQLLKEPWK
853	10	AVEEIVKVSRNYQVTIPAKVRQKFQIKEGDLVKVTYDESEGVVKIQLLK[Methyl]EPWK
854	8	AVEEIVKVSRNYQVTIPAKVRQKFQIKEGDLVKVTYDESEGVVKIQLLKEPWK
857	11	AVEEIVKVSRNYQVTIPAKVRQKFQIKEGDLVKVTYDESEGVVKIQLLK[Methyl]EPWK
865	8	AVEEIVKVSRNYQVTIPAKVRQKFQIKEGDLVKVTYDESEGVVKIQLLK[Methyl]EPWK
866	6	MTRRVAVIGVGNSKFGRRDDVSVQELAWESIKEALNDSGVSQTD
869	10	AVEEIVK[Methyl]VSRNYQVTIPAKVRQKFQIKEGDLVKVTYDESEGVVKIQLLKEPWK[Methyl]
870	10	AVEEIVKVSRNYQVTIPAKVRQKFQIK[Methyl]EGDLVKVTYDESEGVVKIQLLKEPWK[Methyl]
871	10	AVEEIVKVSRNYQVTIPAKVRQKFQIKEGDLVKVTYDESEGVVKIQLLK[Methyl]EPWK
874	7	AVEEIVKVSRNYQVTIPAKVRQKFQIKEGDLVKVTYDESEGVVKIQLLK[Methyl]EPWK
875	8	AVEEIVKVSRNYQVTIPAKVRQKFQIKEGDLVKVTYDESEGVVKIQLLK[Methyl]EPWK
879	6	GIDPNYRTNFPVSGEHSGHKIYGTVEPPAKLGIHGT
898	7	IYEITKQLRDEADKLQQPLKKYIGLVHNVGGTGHFAYVM[Oxidation]VLRR
899	6	TAKKLILVTSESHPLHKVFM[Oxidation]ETLDELSKELNLEKEVKTEDYA
901	6	TAKKLILVTSESHPLHKVFM[Oxidation]ETLDELSKELNLEKEVKTEDY
902	8	TAKKLILVTSESHPLHKVFM[Oxidation]ETLDELSKELNLEKEVKTEDYA
903	7	TAKKLILVTSESHPLHKVFM[Oxidation]ETLDELSKELNLEKEVKTEDYA
906	8	PEVSRKHAIISFENNELYLEDLNSTNGTYIYDGKVFQPVKGKVKVQPNSIIKLGNNTVVRIVGE
909	9	PEVSRKHAIISFENNELYLEDLNSTNGTYIYDGKVFQPVKGKVKVQPNSIIKLGNNTVVRIVGE
910	8	PEVSRKHAIISFENNELYLEDLNSTNGTYIYDGKVFQPVKGKVKVQPNSIIKLGNNTVVRIVGE
911	10	PEVSRKHAIISFENNELYLEDLNSTNGTYIYDGKVFQPVKGKVKVQPNSIIKLGNNTVVRIVGE
913	8	PEVSRKHAIISFENNELYLEDLNSTNGTYIYDGK[Methyl]VFQPVKGKVKVQPNSIIKLGNNTVVRIVGE
915	9	PEVSRKHAIISFENNELYLEDLNSTNGTYIYDGKVFQPVKGKVKVQPNSIIKLGNNTVVRIVGE
922	7	TAKKLILVTSESHPLHKVFM[Oxidation]ETLDELSKELNLEKEVKTEDY
923	7	TAKKLILVTSESHPLHKVFM[Oxidation]ETLDELSKELNLEKEVKTEDY
930	6	TAKKLILVTSESHPLHKVFMETLDELSKELNLEKEVKTE
933	7	TAKKLILVTSESHPLHKVFMETLDELSKELNLEKEVKTE
934	7	TAKKLILVTSESHPLHKVFMETLDELSKELNLEKEVKTED
939	6	TAKKLILVTSESHPLHKVFMETLDELSKELNLEKEVKTE
949	5	TAKKLILVTSESHPLHKVFMETLDELSKELNLEKE
951	5	MQVDAIPLSIKYKIKYPDEFIEAVK[Methyl]RGEIVA
953	6	MQVDAIPLSIKYKIKYPDEFIEAVK[Methyl]RGEIVA
957	14	SEIKFYLVKGSALFGESHYPEKRKFVKIVRALNEKQAIEYIYSYFGSKNKIKRYNIKIEQISEIKEEEIPDRRIRELAKIDKIIM[Oxidation]
958	13	SEIKFYLVKGSALFGESHYPEKRKFVKIVRALNEKQAIEYIYSYFGSKNKIKRYNIKIEQISEIKEEEIPDRRIRELAKIDKIIM[Oxidation]
959	12	SEIKFYLVKGSALFGESHYPEKRKFVKIVRALNEKQAIEYIYSYFGSKNKIKRYNIKIEQISEIKEEEIPDRRIRELAKIDKIIM[Oxidation]
961	8	IYEITKQLRDEADKLQQPLKKYIGLVHNVGGTGHFAYVMVLRR
962	15	SEIKFYLVKGSALFGESHYPEKRKFVKIVRALNEKQAIEYIYSYFGSKNKIKRYNIKIEQISEIKEEEIPDRRIRELAKIDKIIM[Oxidation]
965	7	IYEITKQLRDEADKLQQPLKKYIGLVHNVGGTGHFAYVMVLRR
966	6	IYEITKQLRDEADKLQQPLKKYIGLVHNVGGTGHFAYVMVLRR
967	9	IYEITKQLRDEADKLQQPLKKYIGLVHNVGGTGHFAYVMVLRR
970	6	TAKKLILVTSESHPLHKVFMETLDELSKELNLEKEVKTEDYA
973	6	TAKKLILVTSESHPLHKVFMETLDELSKELNLEKEVKTEDY
974	7	TAKKLILVTSESHPLHKVFMETLDELSKELNLEKEVKTEDY
975	7	TAKKLILVTSESHPLHKVFMETLDELSKELNLEKEVKTEDYA
977	6	TAKKLILVTSESHPLHKVFMETLDELSKELNLEKEVKTEDY
978	6	TAKKLILVTSESHPLHKVFMETLDELSK[Methyl]ELNLEKEVKTEDY
979	6	TAKKLILVTSESHPLHKVFMETLDELSK[Methyl]ELNLEKEVKTEDYA
981	7	TAKKLILVTSESHPLHKVFMETLDELSK[Methyl]ELNLEKEVKTEDYA
982	8	TAKKLILVTSESHPLHKVFMETLDELSKELNLEKEVKTEDYA
983	7	TAKKLILVTSESHPLHKVFMETLDELSKELNLEKEVKTEDYA
985	7	TAKKLILVTSESHPLHKVFMETLDELSK[Methyl]ELNLEKEVKTEDY
986	6	TAKKLILVTSESHPLHKVFMETLDELSK[Methyl]ELNLEKEVKTEDY
987	6	TAKKLILVTSESHPLHKVFMETLDELSK[Methyl]ELNLEKEVKTEDYA
990	8	TAKKLILVTSESHPLHKVFMETLDELSKELNLEKEVKTEDY
991	7	TAKKLILVTSESHPLHKVFMETLDELSKELNLEKEVKTEDY
997	14	SEIKFYLVKGSALFGESHYPEKRKFVKIVRALNEKQAIEYIYSYFGSKNKIKRYNIKIEQISEIKEEEIPDRRIRELAKIDKIIM
998	6	YIIGIVRAKDGINLMAWIKGQPKVGGKVRLITDGTRIIGEVV
999	12	SEIKFYLVKGSALFGESHYPEKRKFVKIVRALNEKQAIEYIYSYFGSKNKIKRYNIKIEQISEIKEEEIPDRRIRELAKIDKIIM
1001	7	YIIGIVRAKDGINLMAWIKGQPKVGGKVRLITDGTRIIGEVV
1002	15	SEIKFYLVKGSALFGESHYPEKRKFVKIVRALNEKQAIEYIYSYFGSKNKIKRYNIKIEQISEIKEEEIPDRRIRELAKIDKIIM
1003	13	SEIKFYLVKGSALFGESHYPEKRKFVKIVRALNEKQAIEYIYSYFGSKNKIKRYNIKIEQISEIKEEEIPDRRIRELAKIDKIIM
1007	17	SEIKFYLVKGSALFGESHYPEKRKFVKIVRALNEKQAIEYIYSYFGSKNKIKRYNIKIEQISEIKEEEIPDRRIRELAKIDKIIM
1009	6	TAKKLILVTSESHPLHKVFM[Oxidation]ETLDELSKELNLEKEVKTEDYAF
1010	7	TAKKLILVTSESHPLHKVFM[Oxidation]ETLDELSKELNLEKEVKTEDYAF
1011	7	TAKKLILVTSESHPLHKVFM[Oxidation]ETLDELSKELNLEKEVKTEDYAF
1013	6	TAKKLILVTSESHPLHKVFM[Oxidation]ETLDELSKELNLEKEVKTEDYAF
1014	6	TAKKLILVTSESHPLHK[Methyl]VFM[Oxidation]ETLDELSKELNLEKEVKTEDYAF
1015	8	TAKKLILVTSESHPLHKVFM[Oxidation]ETLDELSKELNLEKEVKTEDYAF
1018	6	TAKKLILVTSESHPLHK[Methyl]VFM[Oxidation]ETLDELSKELNLEKEVKTEDYAF
1021	6	MISVAVNGYGTIGKRVADAILKQPDMRLIGVAKTSPNYEAF
1022	6	MISVAVNGYGTIGKRVADAILKQPDMRLIGVAKTSPNYEAF
1026	8	TAKKLILVTSESHPLHK[Methyl]VFM[Oxidation]ETLDELSKELNLEKEVKTEDYAF
1030	8	TAKKLILVTSESHPLHKVFM[Oxidation]ETLDELSKELNLEKEVKTEDYAF
1031	6	MTAKKLILVTSESHPLHKVFMETLDELSKELNLEKEVKTEDYA
1034	10	[Acetyl]-AETAHKVLAESLNNLVLVKLKGNKEVRGTLRSYDQHMNLVLSDSEEIQSDGSGKKLGTIVIRGDNVILISPLQTS
1041	11	[Acetyl]-AETAHK[Methyl]VLAESLNNLVLVKLKGNKEVRGTLRSYDQHMNLVLSDSEEIQSDGSGKKLGTIVIRGDNVILISPLQTS
1042	10	[Acetyl]-AETAHK[Methyl]VLAESLNNLVLVKLKGNKEVRGTLRSYDQHMNLVLSDSEEIQSDGSGKKLGTIVIRGDNVILISPLQTS
1046	7	AKRIIIAGGNVAGTIVANRLVQKLEHEVNRGDVEIVALNKSDEHIYLPGQLL
1061	6	TRRVAVIGVGNSKFGRRDDVSVQELAWESIKEALNDSGVSQTDIEL
1062	6	TRRVAVIGVGNSKFGRRDDVSVQELAWESIKEALNDSGVSQTDIEL
1073	6	TAKKLILVTSESHPLHKVFM[Oxidation]ETLDELSKELNLEKEVKTEDYAF
1074	7	TAKKLILVTSESHPLHKVFM[Oxidation]ETLDELSKELNLEKEVKTEDYAF
1077	6	VAIIDANLTRFGKRKESLLELAGEVVLPLIRKNEID
1078	6	TAKKLILVTSESHPLHKVFM[Oxidation]ETLDELSKELNLEKEVKTEDYAF
1081	6	TAKKLILVTSESHPLHKVFMETLDELSKELNLEKEVKTEDYAF
1082	6	TAKKLILVTSESHPLHKVFMETLDELSKELNLEKEVKTEDYAF
1085	8	TAKKLILVTSESHPLHKVFMETLDELSKELNLEKEVKTEDYAF
1087	8	[Acetyl]-GVVDIQLAKKIINENFTQDRGEREKAFSLYLSKPYQLIHDSPTIKHYTEWDL
1090	7	TAKKLILVTSESHPLHKVFMETLDELSK[Methyl]ELNLEKEVKTEDYAF
1091	8	TAKKLILVTSESHPLHKVFMETLDELSK[Methyl]ELNLEKEVKTEDYAF
1094	8	TAKKLILVTSESHPLHKVFMETLDELSKELNLEKEVKTEDYAF
1098	8	TAKKLILVTSESHPLHKVFMETLDELSK[Methyl]ELNLEKEVKTEDYAF
1101	7	TAKKLILVTSESHPLHKVFMETLDELSKELNLEKEVKTEDYAF
1106	6	MKPEDYYHSIKLIPEITIEKGKLFHVETWIEEDKYKSSIYLNL
1109	6	YAVHQESIVVPENVDAIRASTRLM[Oxidation]SAEDSIRITNESLGILKGYLI
1111	6	YAVHQESIVVPENVDAIRASTRLM[Oxidation]SAEDSIRITNESLGILKGYLI
1121	7	TAKKLILVTSESHPLHKVFMETLDELSKELNLEKEVKTEDYAF
1127	7	GKLFGTDGIRGVTNTELQPEFALKLGKAIGTYFGKGARILIGR
1130	11	MKPEDYYHSIKLIPEITIEKGKLFHVETWIEEDKYKSSIYLNLKRITFQGSESSPKFDNDKLYFIRN
1137	6	MYAVHQESIVVPENVDAIRASTRLM[Oxidation]SAEDSIRITNESLGILKGYLI
1138	6	MTAKKLILVTSESHPLHKVFMETLDELSKELNLEKEVKTEDYAF
1141	7	MTAKKLILVTSESHPLHKVFMETLDELSKELNLEKEVKTEDYAF
1145	7	TAKKLILVTSESHPLHKVFM[Oxidation]ETLDELSKELNLEKEVKTEDYAFLADYGEKDEF
1147	7	TAKKLILVTSESHPLHKVFMETLDELSKELNLEKEVKTEDYAFLADYGEKD
1149	7	TAKKLILVTSESHPLHKVFMETLDELSKELNLEKEVKTEDYAFLADYGEKDE
1150	8	TAKKLILVTSESHPLHKVFMETLDELSKELNLEKEVKTEDYAFLADYGEKD
1151	8	TAKKLILVTSESHPLHKVFMETLDELSKELNLEKEVKTEDYAFLADYGEKDE
1153	8	TAKKLILVTSESHPLHKVFM[Oxidation]ETLDELSKELNLEKEVKTEDYAFLADYGEKDEF
1157	7	TAKKLILVTSESHPLHKVFMETLDELSKELNLEKEVKTEDYAFLAD
1158	6	TAKKLILVTSESHPLHKVFMETLDELSKELNLEKEVKTEDYAFLAD
1159	11	KVTQILEERGLAPQIPEDLFNLIRKAVNIRRHINEYPRDKTAKKGLEEVESKIRRLARYYKGVGKLPQEWAYDPAKAELLVAGAS
1161	9	TAKKLILVTSESHPLHKVFM[Oxidation]ETLDELSKELNLEKEVKTEDYAFLADYGEKDEF
1166	8	TAKKLILVTSESHPLHKVFM[Oxidation]ETLDELSKELNLEKEVKTEDYAFLADYGEKDEF
1167	9	MKDRVRVAVVGGSGYTGGELLRILVTHPKTEISAITSREYAGKPVSLVHPNLRGLLSLNFTNF
1169	8	TAKKLILVTSESHPLHK[Methyl]VFM[Oxidation]ETLDELSKELNLEKEVKTEDYAFLADYGEKDEF
1173	6	TAKKLILVTSESHPLHKVFMETLDELSKELNLEKEVKTEDYAFLA
1174	6	YAVHQESIVVPENVDAIRASTRLM[Oxidation]SAEDSIRITNESLGILKGYLI
1175	7	TAKKLILVTSESHPLHKVFMETLDELSKELNLEKEVKTEDYAFLA
1181	6	TAKKLILVTSESHPLHKVFMETLDELSKELNLEKEVKTEDYAFL
1182	7	TAKKLILVTSESHPLHKVFMETLDELSKELNLEKEVKTEDYAFL
1201	10	SKIYTDKDSNLDVIKGKRIAVLGYGSQGRAWAQNLRDSGLNVVVGLEREGKSWELAKSDGIIPLHTEDAVK[Methyl]DADIIIF
1202	11	SKIYTDKDSNLDVIKGKRIAVLGYGSQGRAWAQNLRDSGLNVVVGLEREGKSWELAK[Methyl]SDGIIPLHTEDAVKDADIIIF
1205	6	AVHQESIVVPENVDAIRASTRLMSAEDSIRITNESLGILKGYLI
1206	12	SKIYTDKDSNLDVIKGKRIAVLGYGSQGRAWAQNLRDSGLNVVVGLEREGKSWELAK[Methyl]SDGIIPLHTEDAVKDADIIIF
1207	12	SKIYTDKDSNLDVIKGKRIAVLGYGSQGRAWAQNLRDSGLNVVVGLEREGKSWELAK[Methyl]SDGIIPLHTEDAVKDADIIIF
1209	8	TAKKLILVTSESHPLHKVFMETLDELSKELNLEKEVKTEDYAFLADYGEKDEF
1210	7	TAKKLILVTSESHPLHKVFMETLDELSKELNLEKEVKTEDYAFLADYGEKDEF
1211	9	TAKKLILVTSESHPLHKVFMETLDELSKELNLEKEVKTEDYAFLADYGEKDEF
1213	8	TAKKLILVTSESHPLHKVFMETLDELSKELNLEKEVKTEDYAFLADYGEKDEF
1214	6	VAIIDANLTRFGKRKESLLELAGEVVLPLIRKNEIDF
1215	7	TAKKLILVTSESHPLHKVFMETLDELSK[Methyl]ELNLEKEVKTEDYAFLADYGEKDEF
1217	8	TAKKLILVTSESHPLHKVFMETLDELSK[Methyl]ELNLEKEVKTEDYAFLADYGEKDEF
1218	7	TAKKLILVTSESHPLHKVFMETLDELSKELNLEKEVKTEDYAFLADY
1219	7	TAKKLILVTSESHPLHKVFMETLDELSKELNLEKEVKTEDYAFLADY
1221	7	TAKKLILVTSESHPLHKVFMETLDELSKELNLEK[Methyl]EVKTEDYAFLADYGEKDEF
1222	6	YAVHQESIVVPENVDAIRASTRLMSAEDSIRITNESLGILKGYLI
1223	6	YAVHQESIVVPENVDAIRASTRLMSAEDSIRITNESLGILKGYLI
1225	6	YAVHQESIVVPENVDAIRASTRLMSAEDSIRITNESLGILKGYLI
1226	9	TAKKLILVTSESHPLHKVFMETLDELSK[Methyl]ELNLEKEVKTEDYAFLADYGEKDEF
1227	9	TAKKLILVTSESHPLHKVFMETLDELSKELNLEKEVKTEDYAFLADYGEKDEF
1233	7	TAKKLILVTSESHPLHKVFMETLDELSKELNLEKEVKTEDYAFLADYGEKDEF
1234	6	M[Oxidation]YAVHQESIVVPENVDAIRASTRLMSAEDSIRITNESLGILKGYLI
1247	5	IVVPENVDAIRASTRLMSAEDSIRITNESLGILKGYLI
1253	6	MYAVHQESIVVPENVDAIRASTRLMSAEDSIRITNESLGILKGYLI
1257	6	MYAVHQESIVVPENVDAIRASTRLMSAEDSIRITNESLGILKGYLI
1269	12	M[Oxidation]IQM[Oxidation]ALATEKALKLIESYNTLTLIVDKSDTRDDIKKSVERLFSVKVVKVNVVITPQGYKKAYVKLAPEYKASDIAHRLGIL
1270	14	M[Oxidation]IQM[Oxidation]ALATEKALKLIESYNTLTLIVDKSDTRDDIKKSVERLFSVKVVKVNVVITPQGYKKAYVKLAPEYKASDIAHRLGIL
1271	14	M[Oxidation]IQM[Oxidation]ALATEKALKLIESYNTLTLIVDKSDTRDDIKKSVERLFSVKVVKVNVVITPQGYKKAYVKLAPEYKASDIAHRLGIL
1273	11	M[Oxidation]IQM[Oxidation]ALATEKALKLIESYNTLTLIVDKSDTRDDIKKSVERLFSVKVVKVNVVITPQGYKKAYVKLAPEYKASDIAHRLGIL
1275	15	M[Oxidation]IQM[Oxidation]ALATEKALKLIESYNTLTLIVDKSDTRDDIKKSVERLFSVKVVKVNVVITPQGYKKAYVKLAPEYKASDIAHRLGIL
1277	8	YSIVSQKPQGFENYEDYIIGIVRAKDGINLMAWIKGQPKVGGKVRLITDGTRIIGEVV
1278	8	ASLYGGEYIGAELTSHAYTNMEIIKKFLDIK[Methyl]IDVSGK[Methyl]RPFRFKAKIF
1283	9	YSIVSQKPQGFENYEDYIIGIVRAKDGINLMAWIKGQPKVGGKVRLITDGTRIIGEVV
1290	12	MIQM[Oxidation]ALATEKALKLIESYNTLTLIVDKSDTRDDIKKSVERLFSVKVVKVNVVITPQGYKKAYVKLAPEYKASDIAHRLGIL
1293	13	MIQM[Oxidation]ALATEKALKLIESYNTLTLIVDKSDTRDDIKKSVERLFSVKVVKVNVVITPQGYKKAYVKLAPEYKASDIAHRLGIL
1294	6	LMYAVHQESIVVPENVDAIRASTRLMSAEDSIRITNESLGILKGYLI
1295	14	MIQM[Oxidation]ALATEKALKLIESYNTLTLIVDKSDTRDDIKKSVERLFSVKVVKVNVVITPQGYKKAYVKLAPEYKASDIAHRLGIL
1309	14	YEDLGFTEKGKGGK[Methyl]FIEEGQSEKGGKVGVNLFGGLKAKGHPLGATGLSMIYEITKQLRDEADKLQQPLKKYIGLVHNVGGTGHFAYVMVLRR
1311	16	YEDLGFTEKGKGGKFIEEGQSEKGGKVGVNLFGGLKAK[Methyl]GHPLGATGLSMIYEITKQLRDEADKLQQPLKKYIGLVHNVGGTGHFAYVMVLRR
1329	8	TAKKLILVTSESHPLHKVFMETLDELSKELNLEKEVKTEDYAFLADYGEKDEFDM[Oxidation]PFLPQ
1330	9	TAKKLILVTSESHPLHKVFMETLDELSKELNLEKEVKTEDYAFLADYGEKDEFDM[Oxidation]PFLPQ
1349	10	M[Oxidation]EDVKQSVEKIIKDREWVTFNDLLKYIPYPAPEVYDALSQLIKENKVGRRGRYFYYIKR
1350	11	M[Oxidation]EDVKQSVEKIIKDREWVTFNDLLKYIPYPAPEVYDALSQLIKENKVGRRGRYFYYIKR
1354	11	MIQMALATEKALK[Methyl]LIESYNTLTLIVDKSDTRDDIKKSVERLFSVKVVKVNVVITPQGYKKAYVKLAPEYKASDIAHRLGIL
1369	11	MEDVKQSVEKIIKDREWVTFNDLLKYIPYPAPEVYDALSQLIKENKVGRRGRYFYYIKR
1370	10	MEDVKQSVEKIIKDREWVTFNDLLKYIPYPAPEVYDALSQLIKENKVGRRGRYFYYIKR
1371	10	MEDVKQSVEKIIKDREWVTFNDLLKYIPYPAPEVYDALSQLIKENKVGRRGRYFYYIKR
1374	12	MEDVKQSVEKIIK[Methyl]DREWVTFNDLLKYIPYPAPEVYDALSQLIKENKVGRRGRYFYYIKR
1377	7	EGYIPAPETSHVLPILAEIAEEAKK[Methyl]SGERKTVLVSFSGHGLLDLGNYASVL
1389	13	MIQMALATEKALKLIESYNTLTLIVDKSDTRDDIKKSVERLFSVKVVKVNVVITPQGYKKAYVKLAPEYKASDIAHRLGIL
1405	8	TAKKLILVTSESHPLHKVFMETLDELSKELNLEKEVKTEDYAFLADYGEKDEFDM[Oxidation]PFLPQL
1411	12	[Acetyl]-SSGTPTPSNVVLIGKKPVM[Oxidation]NYVLAALTLLNQGVSEIVIKARGRAISKAVDTVEIVRNRFLPDKIEIKEIRVGSQVVTSQDGRQSRVSTIEIAIRKK
1414	13	[Acetyl]-SSGTPTPSNVVLIGKKPVMNYVLAALTLLNQGVSEIVIK[Methyl]ARGRAISKAVDTVEIVRNRFLPDKIEIKEIRVGSQVVTSQDGRQSRVSTIEIAIRKK
1443	10	VVYSDKDVIVMTAPNEDELKQILLDLLNEKPM[Oxidation]NLKELHSM[Oxidation]LSGIASEDKIRRALADLVEKGKINLSEDGRYVKLGTE
1457	9	TAKKLILVTSESHPLHKVFMETLDELSKELNLEKEVKTEDYAFLADYGEKDEFDM[Oxidation]PFLPQLL
1473	18	SEQQPVAEQQTPQQVVVEQPSEPKLEQPQPATTTVSKYYLLFINTPNPAFNKTKLPLDFDIFPSISIGRSPENVIVIPDPEVSRKHAIISFENNELYLEDLNSTNGTYIYDGKVFQPVKGKVKVQPNSIIKLGNNTVVRIVGE
1477	19	SEQQPVAEQQTPQQVVVEQPSEPKLEQPQPATTTVSK[Methyl]YYLLFINTPNPAFNKTKLPLDFDIFPSISIGRSPENVIVIPDPEVSRKHAIISFENNELYLEDLNSTNGTYIYDGKVFQPVKGKVKVQPNSIIKLGNNTVVRIVGE
1489	12	[Acetyl]-SSGTPTPSNVVLIGKKPVMNYVLAALTLLNQGVSEIVIKARGRAISKAVDTVEIVRNRFLPDKIEIKEIRVGSQVVTSQDGRQSRVSTIEIAIRKK
1490	13	[Acetyl]-SSGTPTPSNVVLIGKKPVMNYVLAALTLLNQGVSEIVIKARGRAISKAVDTVEIVRNRFLPDKIEIKEIRVGSQVVTSQDGRQSRVSTIEIAIRKK
1493	14	[Acetyl]-SSGTPTPSNVVLIGKKPVMNYVLAALTLLNQGVSEIVIKARGRAISKAVDTVEIVRNRFLPDKIEIKEIRVGSQVVTSQDGRQSRVSTIEIAIRKK
1495	14	[Acetyl]-SSGTPTPSNVVLIGKKPVMNYVLAALTLLNQGVSEIVIKARGRAISKAVDTVEIVRNRFLPDKIEIKEIRVGSQVVTSQDGRQSRVSTIEIAIRKK
1505	8	TAKKLILVTSESHPLHKVFMETLDELSK[Methyl]ELNLEKEVKTEDYAFLADYGEKDEFDMPFLPQL
1506	9	TAKKLILVTSESHPLHKVFMETLDELSKELNLEKEVKTEDYAFLADYGEKDEFDMPFLPQL
1509	9	TAKKLILVTSESHPLHKVFMETLDELSK[Methyl]ELNLEKEVKTEDYAFLADYGEKDEFDMPFLPQL
1510	8	TAKKLILVTSESHPLHKVFMETLDELSK[Methyl]ELNLEKEVKTEDYAFLADYGEKDEFDMPFLPQL
1513	11	VVYSDKDVIVM[Oxidation]TAPNEDELKQILLDLLNEKPMNLKELHSMLSGIASEDKIRRALADLVEKGKINLSEDGRYVKLGTE
1517	12	VVYSDKDVIVM[Oxidation]TAPNEDELKQILLDLLNEKPMNLKELHSMLSGIASEDKIRRALADLVEKGKINLSEDGRYVKLGTE
1518	8	GKLFGTDGIRGVTNTELQPEFALKLGKAIGTYFGKGARILIGRDVRAGGDMLLKAVESGLLSSGVL
1519	10	VVYSDKDVIVM[Oxidation]TAPNEDELKQILLDLLNEKPMNLKELHSMLSGIASEDKIRRALADLVEKGKINLSEDGRYVKLGTE
1521	9	GKLFGTDGIRGVTNTELQPEFALKLGKAIGTYFGKGARILIGRDVRAGGDMLLKAVESGLLSSGVL
1522	8	GKLFGTDGIRGVTNTELQPEFALKLGKAIGTYFGKGARILIGRDVRAGGDMLLKAVESGLLSSGVL
1523	9	TAKKLILVTSESHPLHKVFMETLDELSKELNLEKEVKTEDYAFLADYGEKDEFDM[Oxidation]PFLPQLL
1525	10	VVYSDKDVIVM[Oxidation]TAPNEDELKQILLDLLNEKPMNLKELHSMLSGIASEDKIRRALADLVEKGKINLSEDGRYVKLGTE
1530	11	PRTDTQAIKEAAKVGIPIVAFADTDAKIDYIDLIIPANNKGRKSLALLYWALARQILREKRIIPPDGDLAVPVSEFEM[Oxidation]RLVQ
1534	8	VAIIDANLTRFGKRKESLLELAGEVVLPLIRKNEIDFVVVSNSYSGEFNSLSGINNL
1537	7	VAIIDANLTRFGKRKESLLELAGEVVLPLIRKNEIDFVVVSNSYSGEFNSLSGINNL
1538	11	FYRGKRFIRIVRGNIHPYPDPKFVIGSNFGDIGFAVEKRISRLTAFSAIDNLMKGAAGQAVQAFNISMGFNEDDGLKLVPLRPA
1539	8	TAKKLILVTSESHPLHKVFMETLDELSKELNLEKEVKTEDYAFLADYGEKDEFDMPFLPQL
1557	10	SDKDVIVMTAPNEDELKQILLDLLNEKPMNLKELHSMLSGIASEDKIRRALADLVEKGKINLSEDGRYVKLGTE
1558	11	SDKDVIVMTAPNEDELKQILLDLLNEKPMNLKELHSMLSGIASEDKIRRALADLVEKGKINLSEDGRYVKLGTE
1559	11	SDKDVIVMTAPNEDELKQILLDLLNEKPMNLKELHSMLSGIASEDKIRRALADLVEKGKINLSEDGRYVKLGTE
1561	9	TAKKLILVTSESHPLHKVFMETLDELSKELNLEKEVKTEDYAFLADYGEKDEFDMPFLPQLL
1562	9	TAKKLILVTSESHPLHKVFMETLDELSKELNLEKEVKTEDYAFLADYGEKDEFDMPFLPQLL
1563	9	TAKKLILVTSESHPLHKVFMETLDELSKELNLEKEVKTEDYAFLADYGEKDEFDMPFLPQLL
1577	10	VVYSDKDVIVMTAPNEDELKQILLDLLNEKPMNLKELHSMLSGIASEDKIRRALADLVEKGKINLSEDGRYVKLGTE
1578	11	VVYSDKDVIVMTAPNEDELKQILLDLLNEKPMNLKELHSMLSGIASEDKIRRALADLVEKGKINLSEDGRYVKLGTE
1609	20	MKEEFVREYMKSNVVTVSRNTVLREVTRIMTDNNVGSVIVVDNGKPIGIITERDVVRAIGKGRSLDVK[Methyl]AEEIMTASLITIKEDSPITGALSLMRTYNIRHLPVIDHDGNLRGIISIRDIARAIDDILEG
1610	18	MKEEFVREYMKSNVVTVSRNTVLREVTRIMTDNNVGSVIVVDNGKPIGIITERDVVRAIGKGRSLDVKAEEIMTASLITIKEDSPITGALSLM[Oxidation]RTYNIRHLPVIDHDGNLRGIISIRDIARAIDDILEG
1611	19	MKEEFVREYMKSNVVTVSRNTVLREVTRIM[Oxidation]TDNNVGSVIVVDNGKPIGIITERDVVRAIGKGRSLDVKAEEIMTASLITIK[Methyl]EDSPITGALSLMRTYNIRHLPVIDHDGNLRGIISIRDIARAIDDILEG
1617	19	MKEEFVREYMKSNVVTVSRNTVLREVTRIM[Oxidation]TDNNVGSVIVVDNGKPIGIITERDVVRAIGKGRSLDVKAEEIMTASLITIKEDSPITGALSLMRTYNIRHLPVIDHDGNLRGIISIRDIARAIDDILEG
1625	21	MKEEFVREYMKSNVVTVSRNTVLREVTRIMTDNNVGSVIVVDNGKPIGIITERDVVRAIGKGRSLDVK[Methyl]AEEIMTASLITIKEDSPITGALSLMRTYNIRHLPVIDHDGNLRGIISIRDIARAIDDILEG
1626	16	MKEEFVREYMKSNVVTVSRNTVLREVTRIM[Oxidation]TDNNVGSVIVVDNGKPIGIITERDVVRAIGKGRSLDVKAEEIMTASLITIKEDSPITGALSLMRTYNIRHLPVIDHDGNLRGIISIRDIARAIDDILEG
1646	12	PNTFIKEDEDPEYDILISANDVVIYLDLRWKELEYNRVSINIDGNKIYVTDSMNNRVIKVISLPIRIDPLTLTYKHKNGIFILQGNKLN
1670	20	MKEEFVREYM[Oxidation]KSNVVTVSRNTVLREVTRIMTDNNVGSVIVVDNGKPIGIITERDVVRAIGKGRSLDVKAEEIMTASLITIKEDSPITGALSLMRTYNIRHLPVIDHDGNLRGIISIRDIARAIDDILEG
1673	19	MKEEFVREYM[Oxidation]KSNVVTVSRNTVLREVTRIMTDNNVGSVIVVDNGKPIGIITERDVVRAIGKGRSLDVKAEEIMTASLITIKEDSPITGALSLMRTYNIRHLPVIDHDGNLRGIISIRDIARAIDDILEG
1674	18	M[Oxidation]KEEFVREYMKSNVVTVSRNTVLREVTRIMTDNNVGSVIVVDNGKPIGIITERDVVRAIGKGRSLDVKAEEIMTASLITIKEDSPITGALSLMRTYNIRHLPVIDHDGNLRGIISIRDIARAIDDILEG
1675	20	MKEEFVREYM[Oxidation]KSNVVTVSRNTVLREVTRIMTDNNVGSVIVVDNGKPIGIITERDVVRAIGKGRSLDVKAEEIMTASLITIKEDSPITGALSLMRTYNIRHLPVIDHDGNLRGIISIRDIARAIDDILEG
1678	18	MKEEFVREYMKSNVVTVSRNTVLREVTRIMTDNNVGSVIVVDNGKPIGIITERDVVRAIGKGRSLDVKAEEIMTASLITIKEDSPITGALSLMRTYNIRHLPVIDHDGNLRGIISIRDIARAIDDILEG
1679	17	MKEEFVREYMKSNVVTVSRNTVLREVTRIMTDNNVGSVIVVDNGKPIGIITERDVVRAIGKGRSLDVKAEEIMTASLITIKEDSPITGALSLMRTYNIRHLPVIDHDGNLRGIISIRDIARAIDDILEG
1681	16	MKEEFVREYMKSNVVTVSRNTVLREVTRIMTDNNVGSVIVVDNGKPIGIITERDVVRAIGKGRSLDVKAEEIMTASLITIKEDSPITGALSLMRTYNIRHLPVIDHDGNLRGIISIRDIARAIDDILEG
1682	19	MKEEFVREYMKSNVVTVSRNTVLREVTRIMTDNNVGSVIVVDNGKPIGIITERDVVRAIGKGRSLDVKAEEIMTASLITIKEDSPITGALSLMRTYNIRHLPVIDHDGNLRGIISIRDIARAIDDILEG
1683	16	MKEEFVREYMKSNVVTVSRNTVLREVTRIMTDNNVGSVIVVDNGKPIGIITERDVVRAIGKGRSLDVKAEEIMTASLITIKEDSPITGALSLMRTYNIRHLPVIDHDGNLRGIISIRDIARAIDDILEG
1685	20	MKEEFVREYMKSNVVTVSRNTVLREVTRIMTDNNVGSVIVVDNGKPIGIITERDVVRAIGKGRSLDVKAEEIMTASLITIKEDSPITGALSLMRTYNIRHLPVIDHDGNLRGIISIRDIARAIDDILEG
1687	20	MKEEFVREYMKSNVVTVSRNTVLREVTRIMTDNNVGSVIVVDNGKPIGIITERDVVRAIGKGRSLDVKAEEIMTASLITIKEDSPITGALSLMRTYNIRHLPVIDHDGNLRGIISIRDIARAIDDILEG
1745	18	[Acetyl]-MKEEFVREYMKSNVVTVSRNTVLREVTRIMTDNNVGSVIVVDNGKPIGIITERDVVRAIGKGRSLDVKAEEIMTASLITIKEDSPITGALSLMRTYNIRHLPVIDHDGNLRGIISIRDIARAIDDILEG
1746	19	[Acetyl]-MKEEFVREYMKSNVVTVSRNTVLREVTRIMTDNNVGSVIVVDNGKPIGIITERDVVRAIGKGRSLDVKAEEIMTASLITIKEDSPITGALSLMRTYNIRHLPVIDHDGNLRGIISIRDIARAIDDILEG
1767	20	AEKVRFPDGREVDIHDFIAFMYGLSKSDVEVLHILLQNGKMTTDDLSQKLNVTKASISKALNNLLDKGLIQREKAPAEKEERKGRPNYIYWVEKERLYKKLEADLEKLAGTVKDALQKHTALEIVI
1771	19	AEKVRFPDGREVDIHDFIAFMYGLSKSDVEVLHILLQNGKMTTDDLSQKLNVTKASISKALNNLLDKGLIQREKAPAEKEERKGRPNYIYWVEKERLYKKLEADLEKLAGTVKDALQKHTALEIVI
1797	19	[Acetyl]-AEKVRFPDGREVDIHDFIAFMYGLSKSDVEVLHILLQNGKMTTDDLSQKLNVTKASISKALNNLLDKGLIQREKAPAEKEERKGRPNYIYWVEKERLYK[Methyl]KLEADLEKLAGTVKDALQKHTALEIVI
1801	17	[Acetyl]-AEKVRFPDGREVDIHDFIAFMYGLSKSDVEVLHILLQNGKMTTDDLSQKLNVTKASISKALNNLLDKGLIQREKAPAEKEERKGRPNYIYWVEKERLYK[Methyl]KLEADLEKLAGTVKDALQKHTALEIVI
1802	18	[Acetyl]-AEKVRFPDGREVDIHDFIAFMYGLSKSDVEVLHILLQNGKMTTDDLSQKLNVTKASISKALNNLLDK[Methyl]GLIQREKAPAEKEERKGRPNYIYWVEKERLYKKLEADLEKLAGTVKDALQKHTALEIVI
1805	18	[Acetyl]-AEKVRFPDGREVDIHDFIAFMYGLSKSDVEVLHILLQNGKMTTDDLSQKLNVTKASISKALNNLLDKGLIQREKAPAEKEERKGRPNYIYWVEK[Methyl]ERLYKKLEADLEKLAGTVKDALQKHTALEIVI
1806	20	[Acetyl]-AEKVRFPDGREVDIHDFIAFMYGLSKSDVEVLHILLQNGKMTTDDLSQKLNVTKASISKALNNLLDKGLIQREKAPAEKEERKGRPNYIYWVEKERLYKKLEADLEKLAGTVKDALQKHTALEIVI
1902	10	TTLKKVDDQTFELEITGTVTISFKLEDEFIK[Methyl]EVDNVARNLGYTNRSDFIRDAIIYYLGYLKRNGNHNNNLNTEY
1906	25	[Acetyl]-MKIGIVTGIPGVGKTTVLSFADKILTEKGIPHKIANYGDYMLNTALKEGYVNSRDEIRKLQIEKQRELQALAARRIVEDLSLLGDEGIGLIDTHAVIRTPAGYLPGLPRHVIEVLSPKVIFLLEADPRIILERQKRDNSRARADYSDTTVINEVIQFARYSAMASAVLVGASVKVVINQEGDPSIAASDIINSLM
1909	10	TTLKKVDDQTFELEITGTVTISFKLEDEFIKEVDNVARNLGYTNRSDFIRDAIIYYLGYLKRNGNHNNNLNTEYY
1911	10	TTLKKVDDQTFELEITGTVTISFKLEDEFIK[Methyl]EVDNVARNLGYTNRSDFIRDAIIYYLGYLKRNGNHNNNLNTEYY
1938	10	TTLKKVDDQTFELEITGTVTISFKLEDEFIK[Methyl]EVDNVARNLGYTNRSDFIRDAIIYYLGYLKRNGNHNNNLNTEYY
1942	20	VFKNIVIAYDGSENAKRALDVAIDLAKRYEARLTIIEVIDTSVLVGMGLGPIPSEVINEMYNKAKKDVEEAKEKAINSGVKNVEAVNIEGDPATAIMDYAGKAGADLIVTGSRGLSTVKRIFLGSVSSRIVHEAKIPVLVVK
1949	20	VFKNIVIAYDGSENAKRALDVAIDLAKRYEARLTIIEVIDTSVLVGMGLGPIPSEVINEMYNKAKKDVEEAKEKAINSGVKNVEAVNIEGDPATAIMDYAGK[Methyl]AGADLIVTGSRGLSTVKRIFLGSVSSRIVHEAKIPVLVVK
1950	17	VFKNIVIAYDGSENAKRALDVAIDLAKRYEARLTIIEVIDTSVLVGMGLGPIPSEVINEMYNKAKKDVEEAKEKAINSGVKNVEAVNIEGDPATAIMDYAGK[Methyl]AGADLIVTGSRGLSTVKRIFLGSVSSRIVHEAKIPVLVVK
1953	19	VFKNIVIAYDGSENAKRALDVAIDLAKRYEARLTIIEVIDTSVLVGMGLGPIPSEVINEMYNKAKKDVEEAKEKAINSGVKNVEAVNIEGDPATAIMDYAGK[Methyl]AGADLIVTGSRGLSTVKRIFLGSVSSRIVHEAKIPVLVVK
2062	29	TTTVGIKVNDGVVLAADRRASAGFFVANKMVRKVLYITDKIGITTAGSVADLQFIYNVLKNIYHYNSITKYGPISIKGIATRLANVLSATKYFPYIVQILIGGYDDQPRLFNLDYLGDITEENYVATGSGSPVAMGVLEDEYNPKM[Oxidation]TLDEAADLAKRAVFSAIKRDSFTGTGVIVAKIHSKGHEELEFYLNKKV
2063	28	TTTVGIKVNDGVVLAADRRASAGFFVANKMVRKVLYITDKIGITTAGSVADLQFIYNVLKNIYHYNSITKYGPISIKGIATRLANVLSATKYFPYIVQILIGGYDDQPRLFNLDYLGDITEENYVATGSGSPVAMGVLEDEYNPKMTLDEAADLAKRAVFSAIKRDSFTGTGVIVAKIHSKGHEELEFYLNKK[Methyl]V
2081	16	MYVADLIVRNPVTAK[Methyl]AEISIRDAAKIMKKENLGSLIIVDETNRPIGIVTERDILRAVADEILLDSPVSTIMTKGLITIAPNKDITEALIIMYQNNVRHLAVVGQNGELVGVISIRDAAKAVNLLALDL
2082	17	MYVADLIVRNPVTAK[Methyl]AEISIRDAAKIMKKENLGSLIIVDETNRPIGIVTERDILRAVADEILLDSPVSTIMTKGLITIAPNKDITEALIIMYQNNVRHLAVVGQNGELVGVISIRDAAKAVNLLALDL
2237	27	[Acetyl]-MEELPATAIGLKVNDGIVLASERRLSYGGYVLSKQAKKVHKIGKFLMAGAGIYGDLQTLTRIMNVEIKYYEISTGKPISVRAAAKLLSVILYQYKVMPFISEILFGGVDEKGPQLYVLDPIGSLIEDNYAAVGSGARIAIGVLESEYDPNMNLDIAAQLITKAIK[Methyl]ASIERDITSGDGIDLAIMDKKGNYENKFIPY
2245	24	[Acetyl]-MEELPATAIGLKVNDGIVLASERRLSYGGYVLSKQAKKVHKIGKFLMAGAGIYGDLQTLTRIMNVEIKYYEISTGKPISVRAAAKLLSVILYQYKVMPFISEILFGGVDEKGPQLYVLDPIGSLIEDNYAAVGSGARIAIGVLESEYDPNMNLDIAAQLITKAIK[Methyl]ASIERDITSGDGIDLAIMDKKGNYENKFIPY
2247	24	[Acetyl]-MEELPATAIGLKVNDGIVLASERRLSYGGYVLSKQAKKVHKIGKFLMAGAGIYGDLQTLTRIMNVEIKYYEISTGKPISVRAAAKLLSVILYQYKVMPFISEILFGGVDEKGPQLYVLDPIGSLIEDNYAAVGSGARIAIGVLESEYDPNMNLDIAAQLITKAIK[Methyl]ASIERDITSGDGIDLAIMDKKGNYENKFIPY
2251	26	[Acetyl]-MEELPATAIGLKVNDGIVLASERRLSYGGYVLSKQAKKVHKIGKFLMAGAGIYGDLQTLTRIMNVEIKYYEISTGKPISVRAAAKLLSVILYQYKVMPFISEILFGGVDEKGPQLYVLDPIGSLIEDNYAAVGSGARIAIGVLESEYDPNMNLDIAAQLITKAIK[Methyl]ASIERDITSGDGIDLAIMDKKGNYENKFIPY
